,class,count,vertex_count,voxel_count,semantic_map_to,instance_map_to
1536,wall,3178,97340083,31034317,,
211,ceiling,525,58275716,17484999,,
533,floor,446,62945215,16958997,,
399,door,684,11586722,3201520,,
1398,table,801,14882372,2884000,,
160,cabinet,611,8519786,1959652,,
210,ceiling lamp,777,16153844,1849178,,
340,curtain,121,12181734,1754532,,
230,chair,1187,9435645,1680978,,
114,blinds,218,11065634,1662533,,
1359,storage cabinet,180,5470344,1535644,,
911,office chair,589,9224120,1531139,,
126,bookshelf,147,8300663,1530402,,
1610,window,772,9456918,1527893,,
1599,whiteboard,260,4519219,1484229,,
216,ceiling light,380,8889651,938854,ceiling lamp,ceiling lamp
495,fake ceiling,33,5262345,891680,ceiling,ceiling
873,monitor,704,7516821,891370,,
1219,shelf,218,5305061,879671,,
909,object,4434,6441524,859398,None,None
400,doorframe,486,4331356,849636,,
1612,window frame,278,4997228,838315,,
1033,pipe,434,4324272,800210,,
1369,structure,230,4522814,787108,None,None
138,box,1701,3766293,762692,,
670,heater,377,3945619,676376,,
726,kitchen cabinet,184,2962273,629904,,
1361,storage rack,43,3587438,599265,,
1305,sofa,70,2703714,590466,,
80,bed,69,2328090,503249,,
1268,shower wall,97,2256866,494529,,
1173,roof,5,1165537,386011,None,None
1564,wardrobe,36,1568646,367180,,
1029,pillar,43,1076617,327849,,
1040,plant,186,2586659,290651,,
37,blanket,85,1795736,286818,,
816,machine,49,1432252,281490,,
1618,windowsill,127,1697635,268040,,
805,linked retractable seats,9,1278225,257408,,None
1616,window sill,97,1564300,247712,windowsill,windowsill
197,cardboard box,123,854430,245160,box,box
1504,tv,56,2428098,228947,,
125,books,394,1469785,225988,book,None
363,desk,57,1204683,218504,table,table
300,computer tower,267,1817848,218328,,
732,kitchen counter,58,1322854,199621,,
1486,trash can,211,1632376,194974,,
1485,trash bin,178,1499600,188498,trash can,trash can
707,jacket,117,1195594,176450,,
464,electrical duct,252,809547,170679,,None
106,blackboard,20,741126,169489,,
177,cable tray,29,1197122,165204,,None
6,air duct,23,770080,158063,,None
1276,sink,144,1003930,154688,,
201,carpet,23,918974,142228,,
31,bag,250,971256,140975,,
326,counter,63,769836,139826,,
1142,refrigerator,35,703070,139654,,
994,picture,212,509821,133989,,
1027,pillow,185,753612,132277,,
338,cupboard,16,477267,128356,,
1611,window blind,13,630101,128213,blinds,blinds
1468,towel,216,856968,124718,,
77,beam,24,469544,123190,,None
914,office table,38,584812,118979,table,table
1354,stool,64,634919,107179,,
1379,suitcase,84,744955,106091,,
28,backpack,120,723506,104895,,
74,bathtub,20,401022,103821,,
1181,rug,38,684950,101868,,
724,keyboard,416,797782,94057,,
1123,rack,23,626421,90927,,
627,gym mat,19,302447,89989,,
1436,toilet,63,472479,87613,,
1388,suspended ceiling,11,383969,86748,ceiling,ceiling
1249,shower floor,28,420149,86674,,
267,clothes,83,661117,86663,,None
1034,pipe storage rack,1,429913,86471,storage rack,storage rack
3,air conditioner,18,401133,86394,,
588,fume hood,4,477068,84830,None,None
1105,printer,45,542860,84055,,
110,blind,3,424642,83339,blinds,blinds
1078,poster,154,275586,81855,,
489,experiment bench,3,405357,81648,None,None
462,electrical control panel,47,201846,79064,,
1243,shower curtain,22,572819,78218,,
1617,windowframe,33,463542,71669,window frame,window frame
123,book,961,423782,67826,,
212,ceiling beam,12,333360,67605,,
941,painting,86,262302,67293,,
953,paper,391,341407,67271,,None
771,ladder,18,497424,65356,,
766,laboratory bench,4,274837,64021,None,None
92,bench,11,327091,62908,,
857,milling machine,2,295268,62305,None,None
851,microwave,51,619539,61746,,
989,partition,23,197904,61585,,
120,board,45,221675,59255,,
912,office cabinet,5,236896,58908,cabinet,cabinet
1165,rolling cart,20,365924,58083,,
767,laboratory cabinet,2,232860,57692,cabinet,cabinet
331,crate,81,424864,55740,,
1130,raised floor,1,221433,55091,floor,None
465,electrical panel,43,122789,53634,electrical control panel,electrical control panel
834,mattress,16,262492,53609,,
128,bottle,641,409301,52377,,
995,pedestal fan,33,535048,51981,,
1306,sofa chair,11,210080,51413,,
661,headboard,12,172830,51091,,
581,fridge,9,196037,50140,refrigerator,refrigerator
151,bucket,91,334023,49817,,
748,kitchen unit,4,227064,48571,None,None
79,beanbag,12,225313,48380,,
306,construction materials,2,331972,48317,None,None
925,oven,25,416820,47880,,
1035,pipes,7,394286,47798,pipe,None
345,cushion,73,257260,47786,,
1096,power socket,1103,360736,47619,socket,socket
913,office desk,10,215972,46464,table,table
1607,whiteboards,2,256383,45340,whiteboard,None
761,lab equipment,22,280249,44811,,
1232,shoes,144,352730,44798,,
1646,work bench,2,163942,44102,None,None
503,file cabinet,18,208359,43850,cabinet,cabinet
861,mirror,38,351166,43760,,
55,basket,88,343004,43603,,
97,beverage crate,63,352541,43548,crate,crate
1567,washing machine,13,264555,43159,,
1230,shoe rack,24,354481,42610,,
689,hydraulic press,6,240221,42603,,
1018,photocopy machine,8,281934,42338,,
1418,telephone,160,315959,42338,,
763,lab machine,19,260761,42216,lab equipment,lab equipment
715,joined tables,5,195662,40923,None,None
1284,sliding door,8,159024,40244,,
1510,tv stand,14,293464,39796,,
910,objects,52,307996,39475,None,None
325,couch,4,181175,39320,sofa,sofa
279,coat,43,259847,39251,,
917,open cabinet,5,269463,38970,cabinet,cabinet
1200,scientific equipment,6,262446,37936,None,None
290,coffee table,14,220633,37242,,
594,garage door,1,101680,37102,door,door
103,bin,36,320930,36465,,
1124,radiator,13,191458,36451,,
1338,standing lamp,26,255222,36295,,
1364,stove,38,319603,35745,,
1160,roller blinds,11,120482,35712,,
587,fume cupboard,1,127348,35659,,
991,pc,30,296438,35598,,
1332,stairs,4,195152,34883,,
837,medical appliance,5,212783,34849,,
260,closet,7,108842,34800,,
1494,trolley,10,263996,34724,,
504,file folder,163,195600,33257,,
1110,projector,31,192049,32834,,
262,cloth,70,228072,32818,,
304,conference table,1,99165,31869,,
196,cardboard,22,183361,31755,,
111,blind rail,29,255090,31669,,
385,dishwasher,21,209393,31535,,
1174,room divider,1,67445,31452,,
316,copier,4,203908,31434,,
1528,ventilation pipe,7,126253,30834,,
63,bathroom cabinet,12,151881,30796,,
777,laptop,73,255262,30565,,
460,electrical box,10,79403,30548,,
21,arm chair,8,196792,30034,,
42,bar counter,1,156378,29475,,
1329,stage,1,178934,29125,,
221,ceiling ventilator,7,232468,29107,,
813,lounge chair,10,153043,28830,,
1041,plant pot,100,193968,28366,,
73,bathroom stall,2,95241,28354,,
1031,pinboard,14,109860,28302,,
496,false ceiling,1,93413,28273,,
294,comforter,3,164958,27911,,
0,3d printer,16,202952,27602,,
1344,steel beam,4,116910,26903,,
1112,projector screen,6,87007,26811,,
449,electric duct,27,113818,26799,,
202,cart,9,209043,25863,,
9,air pipe,3,88497,25370,,
1483,training equipment,2,170482,25279,,
540,floor mounted air conditioner,2,182139,25175,,
1427,tile wall,4,84208,25036,,
606,glass wall,1,325296,24829,,
446,exhaust fan,77,184819,24512,,
1520,vacuum cleaner,18,173577,24451,,
217,ceiling lights,8,248776,24013,,
785,laundry basket,19,174661,23286,,
900,nightstand,15,129965,23162,,
22,armchair,13,100782,22910,,
423,drying rack,11,177033,22586,,
692,indoor crane,1,83053,22448,,
1363,storage trolley,9,143526,22087,,
416,dresser,5,98050,21894,,
759,l-shaped sofa,2,110451,21773,,
280,coat hanger,27,158304,21699,,
372,dining chair,12,130561,21698,,
915,office visitor chair,25,104052,21598,,
698,interactive board,2,176110,21587,,
685,hose,9,146994,21235,,
801,light switch,546,119193,21226,,
1241,shower ceiling,4,53482,20739,,
284,coffee machine,29,230534,20337,,
179,cables,24,173963,20322,,
537,floor lamp,22,125614,20079,,
497,fan,22,215541,19924,,
1623,wire tray,6,171188,19863,,
295,compressor,2,84294,19758,,
768,laboratory equipment,19,138809,19731,,
373,dining table,4,74940,19441,,
1311,speaker,72,127942,19316,,
258,climbing wall,1,40308,19103,,
796,light,39,159529,18938,,
976,paper towel dispenser,25,140331,18882,,
282,coat rack,13,125482,18820,,
1403,table lamp,52,138719,18306,,
577,frame,34,84978,18193,,
437,duvet,4,137499,18093,,
518,fire extinguisher,32,115950,18086,,
1131,range hood,10,120418,17977,,
678,high table,4,74789,17765,,
81,bedsheet,8,93343,17684,,
26,backdrop,1,79111,17665,,
1527,ventilation duct,1,59119,17641,,
987,papers,68,112802,17303,paper,paper
1208,seat,10,83605,17061,,
1406,tablecloth,7,79022,16987,,
461,electrical cabinet,2,48407,16614,,
1032,ping pong table,1,97482,16480,,
65,bathroom floor,4,49885,16450,,
218,ceiling pipe,10,119179,16120,,
90,bedside table,15,99867,15999,,
287,coffee maker,18,167528,15998,,
297,computer desk,3,106256,15953,,
1516,urinal,12,85818,15845,,
810,loft bed,1,83254,15780,,
11,air vent,29,161674,15644,,
232,chairs,4,86689,15572,,
1420,television,3,182088,15441,,
773,lamp,23,118337,15352,,
1166,rolling chair,7,96124,15264,,
1540,wall cabinet,4,65351,15188,,
124,book shelf,2,98584,15170,,
144,brick wall,3,88210,15047,,
1490,treadmill,2,115910,15014,,
1525,vent,21,126552,14582,,
1224,shirt,19,90634,14577,,
189,canopy bed,1,77284,14567,,
272,clothes hanger,21,116044,14433,,
721,kettle,52,127727,14343,,
199,cardboards,5,83393,14325,,
1225,shoe,94,112059,14152,shoes,shoes
677,high stool,8,81483,14140,,
1492,tripod,22,94402,13706,,
44,bar stool,10,84298,13659,,
484,exhaust duct,1,61715,13538,,
1640,wooden plank,5,29743,13387,,
1324,squat rack,1,82686,13332,,
336,cubicle door,4,44903,13256,,
564,folding screen,1,77798,13225,,
743,kitchen sink,12,126043,13164,,
307,container,52,114034,13119,,
133,bottles,22,116957,13061,,
922,ottoman,8,47159,13060,,
99,bicycle,5,113885,12904,,
1331,staircase railing,3,99464,12866,,
932,overhead projector,6,92477,12797,,
1384,surfboard,5,56043,12767,,
558,folder,69,80604,12554,,
1099,power strip,103,103403,12320,,
674,high bench,4,46913,12298,,
1538,wall beam,3,35978,12238,,
944,pallet cage,2,79152,12234,,
699,interactive whiteboard,1,53966,12223,,
542,floor sofa,3,60281,12167,,
424,duct,2,41154,12097,,
527,flat panel display,1,188414,12085,,
1636,wooden frame,9,40180,12083,,
563,folding room divider,1,58864,12038,,
167,cable,39,91762,12032,,
889,mug,165,90665,11988,cup,cup
1171,rolling table,2,87238,11769,,
809,locker,3,33289,11711,,
1335,standing banner,2,51398,11690,,
356,decoration,40,110200,11652,,
270,clothes drying rack,1,88408,11362,,
571,foosball table,1,83165,11141,,
1339,standing poster,2,75501,11107,,
61,bath tub,2,45501,11062,,
1650,yoga mat,16,57291,10989,,
850,microscope,7,71181,10948,,
954,paper bag,25,65614,10819,,
886,mouse,342,85954,10772,,
1513,umbrella,31,83956,10672,,
838,medical machine,2,65656,10603,,
1292,smoke detector,134,72200,10508,,
337,cup,142,80693,10412,,
348,cutting board,47,52096,10182,,
305,console,1,68253,9896,,
421,drum,7,69869,9815,,
64,bathroom counter,6,66015,9770,,
1443,toilet paper,103,66659,9728,,
1148,robot car,2,78513,9660,,
486,exhaust pipe,6,37208,9596,,
57,bath cabinet,4,55135,9465,,
1606,whiteboard stand,4,52276,9449,,
463,electrical control panels,2,21742,9448,,
908,notice board,3,34848,9273,,
975,paper towel,51,51508,9243,,
333,crates,1,62246,9180,,
83,bed frame,6,45229,9166,,
67,bathroom mat,6,64263,9134,,
1258,shower partition,1,108935,9134,,
264,cloth hangers,4,86332,9116,,
268,clothes cabinet,1,49770,9075,,
1509,tv screen,1,130175,9064,,
25,babyfoot table,1,46086,9043,,
1167,rolling curtain,2,31039,8987,,
283,coat stand,5,69221,8965,,
747,kitchen towel,28,62647,8935,,
1039,plank,7,42481,8741,,
1270,side table,7,67057,8649,,
1362,storage shelf,1,47660,8625,,
833,mat,20,51675,8612,,
1239,shower,14,70305,8569,,
1598,white board,2,18442,8431,,
693,information board,2,36496,8409,,
29,backsplash,4,29376,8382,,
620,guitar,10,63289,8332,,
266,cloth rack,1,93028,8316,,
220,ceiling vent,20,85557,8236,,
990,partition wall,1,50951,8222,,
742,kitchen shelf,3,40046,7967,,
40,banner,3,71880,7932,,
502,file binder,62,44689,7844,,
257,cleaning trolley,1,47374,7773,,
1121,racing simulator,1,54123,7771,,
1648,workbench,1,32300,7768,,
1081,pot,36,60418,7758,,
1,ac system,1,38708,7712,,
1094,power panel,6,23094,7668,,
354,desk lamp,21,60840,7622,,
148,broom,26,58809,7585,,
1537,wall /other room,3,27246,7583,,
330,cpu,8,76686,7567,,
524,fitted wardrobe,1,30346,7456,,
1466,tote bag,13,51296,7372,,
1063,plumbing pipe,8,34030,7306,,
1287,slippers,25,52361,7270,,
107,blackboard frame,3,46591,7131,,
819,magazine,46,20451,7041,,
686,hose pipe,1,46381,7025,,
1153,rolled paper,23,30268,7010,,
1389,sweater,7,49313,7001,,
259,clock,28,47411,6999,,
1489,tray,22,48625,6980,,
364,desk fan,11,73449,6971,,
1519,vaccum cleaner,5,46743,6970,,
1109,projection curtain,1,14367,6946,,
579,freezer display counter,1,58055,6911,,
947,pan,29,54649,6904,,
1524,vase,25,45514,6887,,
600,glass,7,30590,6793,,
561,folders,22,47188,6727,,
1410,tap,61,69656,6707,,
1552,wall lamp,25,55633,6679,,
1055,plate,49,55497,6665,,
783,laptop stand,19,46432,6644,,
1288,small cabinet,3,41237,6619,,
506,file organizer,10,52806,6613,,
269,clothes dryer,5,42287,6590,,
1557,wall painting,9,27612,6569,,
981,paper towels,14,38691,6533,,
342,curtain rail,7,55510,6448,,
1597,wheelchair,1,51196,6400,,
131,bottle crate,7,54978,6385,,
1217,sheet,2,34492,6375,,
565,folding sofa,1,41108,6371,,
1257,shower pan,2,33842,6354,,
1049,plastic case,17,43419,6349,,
247,christmas tree,1,65077,6345,,
1020,piano,2,36222,6311,,
923,ottoman chair,3,19883,6291,,
710,jar,118,49179,6287,,
554,foldable closet,1,45515,6278,,
903,notebook,41,35767,6247,,
181,calendar,11,18395,6238,,
709,janitor cart,1,43149,6194,,
1358,storage box,11,58590,6132,,
1163,rolling blinds,1,149892,6100,,
70,bathroom shelf,5,39615,6046,,
1298,soap dispenser,40,42956,5968,,
104,binder,30,39532,5965,,
1641,wooden planks,3,25454,5960,,
317,copy machine,1,37086,5923,,
1146,rice cooker,11,50391,5884,,
628,gym mattress,2,17316,5878,,
192,car door,1,54074,5860,,
1402,table football,1,35292,5808,,
137,bowl,41,40253,5796,,
800,light panel,9,39450,5795,,
1428,tissue box,34,36927,5781,,
84,bedframe,4,20167,5765,,
1548,wall hanging,2,30235,5754,,
717,jug,20,53902,5722,,
1283,skylight,1,83421,5709,,
214,ceiling fan,5,34433,5691,,
378,dish rack,8,53446,5689,,
1223,shelving cart,1,20072,5679,,
695,instant pot,6,36010,5666,,
1601,whiteboard eraser,91,36817,5655,,
538,floor mat,5,22771,5595,,
1300,socket,111,48875,5585,,
858,mini fridge,3,24378,5533,,
1542,wall clock,18,43336,5530,,
129,boots,14,42927,5447,,
46,barbecue grill,1,68567,5425,,
972,paper shredder,4,35012,5417,,
508,file rack,9,44738,5373,,
541,floor scrubber,2,32489,5368,,
842,metal board,2,34743,5336,,
1576,water heater,6,28329,5330,,
1458,tool rack,2,50797,5295,,
1138,recliner,1,25568,5293,,
48,barber chair,1,28459,5288,,
1529,ventilator,13,29086,5242,,
1495,trolley table,2,37218,5194,,
1337,standing fan,3,69437,5143,,
1574,water filter,14,58217,5130,,
1233,shoes holder,1,50706,5122,,
1630,wood planks,2,25237,5115,,
1437,toilet brush,31,47623,5112,,
1535,vr setup,1,57610,5106,,
1488,trashcan,7,37747,5036,,
100,bike,2,31788,5016,,
764,lab materials,1,31884,5010,,
1638,wooden pallet,1,23241,4996,,
432,dustbin,6,43591,4980,,
344,curtain rod,10,47218,4978,,
1141,reflection,8,28528,4961,,
483,exercise ball,2,44706,4909,,
10,air purifier,4,45100,4890,,
728,kitchen back splash,1,16350,4865,,
968,paper rack,2,31578,4852,,
1459,toolbox,9,39272,4832,,
876,monitor cover,1,61151,4816,,
501,file,24,27000,4808,,
1386,surfsuit,2,26861,4804,,
213,ceiling cables,1,43486,4795,,
899,night stand,3,32205,4779,,
964,paper organizer,4,40569,4768,,
1210,serving trolley,1,27100,4730,,
1012,phone,18,39208,4702,,
190,canvas,2,58854,4694,,
184,camping bed,1,23140,4686,,
1478,tower pc,4,37428,4673,,
351,cylinder,20,20762,4670,,
1444,toilet paper dispenser,10,26229,4664,,
823,magazine stand,1,26108,4637,,
1480,toy,15,38492,4619,,
1286,slipper,25,33852,4589,slippers,slippers
5,air conditioning,2,23380,4574,,
652,hanger,27,36499,4566,,
1531,vertical blinds,1,64075,4543,,
366,desk organizer,4,38569,4532,,
621,guitar bag,4,26979,4525,,
1322,spray bottle,44,38594,4525,,
1378,suit cover,2,27905,4513,,
1434,toaster,11,36054,4503,,
1320,spotlight,11,29485,4500,,
818,machine container,1,12295,4497,,
573,foot rest,5,23399,4493,,
1236,shopping trolley,3,30483,4461,,
357,decoration piece,16,23777,4427,,
308,control panel,10,28690,4398,,
891,multifunction printer,1,17329,4388,,
713,jerry can,8,29959,4355,,
1614,window head,2,13664,4342,,
311,cooker hood,2,28567,4329,,
54,basin,4,35569,4328,,
949,panel,4,20489,4325,,
952,papasan chair,1,23724,4304,,
1506,tv mount,1,32941,4296,,
1450,toilet seat,4,22754,4295,,
1234,shopping bag,7,30209,4284,,
1017,photocopier,3,24881,4243,,
1499,tube,41,29289,4242,,
1370,studio light,2,18361,4214,,
1374,stuffed toy,17,37382,4208,,
319,cord cover,7,42200,4184,,
1089,power cabinet,1,9871,4177,,
1090,power cables,1,43189,4167,,
514,filer organizer,12,36822,4155,,
595,garage shelf,1,36073,4148,,
708,jackets,1,33143,4107,,
515,files,13,25534,4097,,
814,luggage,4,22552,4079,,
625,gym bag,3,24647,4064,,
485,exhaust hood,1,14080,4044,,
852,microwave oven,4,38424,4033,,
536,floor cushion,2,19671,3997,,
443,easy chair,1,20105,3991,,
45,bar table,1,22417,3981,,
1227,shoe cabinet,2,20903,3973,,
982,paper tray,7,27231,3961,,
760,lab coat,2,21286,3941,,
744,kitchen storage rack,1,27523,3915,,
479,equipment,2,19890,3908,,
299,computer table,1,20038,3895,,
887,mouse pad,20,19308,3882,,
414,drawer,10,31335,3873,,
666,headphones,30,39094,3836,,
140,boxes,5,18158,3829,,
71,bathroom sink,3,18206,3812,,
924,outlet,103,27545,3779,socket,socket
1435,toaster oven,3,32046,3768,,
1511,tv table,1,29687,3756,,
86,bedside cabinet,2,20932,3743,,
1172,rolling trolley,1,14319,3740,,
1346,step stool,4,21704,3734,,
1496,trousers,4,28620,3698,,
69,bathroom rack,1,29128,3667,,
1220,shelf trolley,1,37093,3645,,
605,glass shelf,6,20749,3643,,
492,fabric,7,28814,3641,,
762,lab fridge,1,16487,3602,,
215,ceiling lamps,2,21975,3601,,
1647,work station,1,13777,3589,,
50,barrel,4,16901,3575,,
881,mop,11,34124,3567,,
355,deck chair,1,13201,3556,,
58,bath counter,2,19346,3553,,
673,helmet,14,27328,3536,,
1336,standing clothes hanger,2,28828,3535,,
596,garbage bin,2,12666,3524,,
1371,study table,1,22254,3520,,
7,air fryer,6,33208,3499,,
1045,plastic bag,9,34804,3486,,
931,oven range,1,21817,3475,,
662,headphone,25,30898,3462,,
733,kitchen counter top,1,16932,3450,,
273,clothes rack,4,20427,3444,,
1562,wall unit,1,17008,3435,,
614,grab bar,6,36716,3428,,
531,flipchart,1,13752,3426,,
1199,scarf,5,29345,3422,,
765,labcoat,2,19428,3376,,
659,hat,15,20123,3322,,
88,bedside lamp,6,16497,3294,,
1211,sewing machine table,1,16312,3260,,
1252,shower head,11,35890,3260,,
384,dishes,5,34686,3259,,
1394,switchboard cabinet,1,10029,3250,,
530,flip paper,1,11007,3249,,
1360,storage container,3,25816,3230,,
188,canister,7,17914,3224,,
1539,wall board,3,13106,3194,,
1260,shower rug,3,22815,3193,,
1047,plastic box,7,16711,3175,,
1365,stovetop,3,36571,3155,,
694,information stand,5,32538,3148,,
575,footstool,3,15031,3125,,
934,pack,3,21025,3120,,
1120,push cart,1,13710,3103,,
1400,table cloth,2,19117,3086,,
224,celing lamp,2,25319,3083,,
339,cupoard,1,11474,3080,,
712,jeans,2,18691,3076,,
1291,smoke alarm,36,24669,3076,smoke detector,smoke detector
98,beverage crates,2,19182,3023,,
835,mattresses,1,10925,2998,,
59,bath mat,3,20848,2989,,
1308,softbox,3,25736,2969,,
1604,whiteboard mount,2,14301,2967,,
957,paper cutter,2,19432,2941,,
1058,plates,12,23718,2941,,
172,cable raceway,5,10334,2915,,
1578,water kettle,10,25546,2909,,
1025,pictures,3,19994,2906,,
997,pelican case,4,20307,2893,,
1473,towel rack,4,17630,2871,,
1169,rolling shelf cart,1,27329,2870,,
152,built-in shelf,1,25330,2863,,
395,documents,3,24731,2858,,
480,equipment cover,2,18289,2851,,
1421,television stand,1,9986,2841,,
34,bags,2,20427,2837,,
1218,sheets,1,17408,2831,,
1289,small dresser,1,11633,2820,,
802,light stand,7,26394,2815,,
75,beach umbrella,1,19582,2795,,
499,faucet,33,29839,2790,,
33,bagpack,3,22993,2738,,
427,dumbbell,21,27658,2733,,
1573,water dispenser,2,27154,2725,,
983,paper trays,2,17909,2718,,
547,flowers,5,46883,2701,,
1500,tube lights,1,13535,2699,,
840,medicine cabinet,2,23675,2696,,
1505,tv console,1,21642,2696,,
863,mirror frame,3,19806,2695,,
233,chandelier,1,28168,2694,,
999,pen holder,30,25500,2692,,
841,messenger bag,4,16936,2677,,
36,ball,8,10356,2642,,
601,glass bottle,37,28400,2642,bottle,bottle
1098,power sockets,33,22375,2634,,
1309,softbox light,1,14198,2634,,
626,gym ball,1,8080,2629,,
147,briefcase,6,18075,2623,,
1046,plastic bottle,41,19047,2604,,
879,monitor stand,7,19997,2593,,
688,human skeleton,1,19575,2577,,
1069,podium,1,13208,2561,,
1561,wall strip,8,22704,2552,,
1152,rods,1,16154,2516,,
1407,tablet,13,20394,2516,,
89,bedside shelf,1,15661,2514,,
668,headrail,4,10171,2510,,
1277,sink counter,2,30920,2504,,
410,doormat,1,9180,2498,,
53,baseboard,8,8006,2496,,
153,bulletin board,2,11289,2490,,
451,electric hob,2,26898,2487,,
78,bean bag,1,12843,2478,,
676,high pressure cylinder,2,8014,2467,,
1071,portable fan,5,20813,2464,,
550,flush button,13,14283,2454,,
1642,wooden post,2,8167,2453,,
793,lectern,1,21817,2452,,
341,curtain frame,1,8199,2433,,
298,computer monitor,2,17180,2430,,
562,folding chair,2,16484,2409,,
1408,tabletop,1,10850,2399,,
794,led ceiling fan,1,12970,2380,,
675,high chair,3,10334,2378,,
617,grill,1,21184,2369,,
845,metal rack,1,17187,2353,,
4,air conditioner tower,2,18025,2351,,
1285,sliding door frame,2,20903,2346,,
173,cable rack,1,20084,2326,,
415,drawers,2,9166,2325,,
93,bench press,1,28146,2319,,
706,ironing board,1,9682,2319,,
1637,wooden palette,1,10007,2318,,
752,kitchenware,4,14492,2297,,
112,blind rails,1,19057,2295,,
1050,plastic container,2,12484,2293,,
343,curtain rails,3,17783,2292,,
1590,weighing scale,5,32370,2275,,
669,headset,16,21958,2258,,
1491,tree trunk,1,14226,2247,,
1261,shower screen,1,22246,2244,,
1559,wall shelf,1,12086,2239,,
1585,watering can,8,14809,2231,,
1455,tool box,5,12903,2200,,
509,file shelves,1,17011,2198,,
603,glass pane,4,8050,2174,,
1477,tower fan,2,18979,2173,,
1391,switch,83,14112,2168,None,None
907,notice,7,6413,2147,,
1185,sack,5,15859,2140,,
1404,table mat,2,5959,2131,,
546,flower pot,6,14649,2121,,
396,dog bed,1,16029,2118,,
788,laundry hanger,1,17742,2114,,
871,mobile tv stand,1,15694,2114,,
824,magazines,5,8921,2113,,
505,file holder,6,11423,2095,,
535,floor couch,1,10741,2095,,
1512,tv trolley,1,11490,2073,,
244,chopping board,8,10553,2055,,
227,centrifuge,1,9023,2039,,
1501,tubelight,3,11483,2032,,
85,bedpost,1,6408,2020,,
1345,step,2,10732,2020,,
226,center table,1,8566,2009,,
1515,upholstered bench,1,9504,2009,,
1278,sink pipe,2,16724,2002,,
405,door mat,3,7256,1999,,
1357,storage bin,8,14795,1997,,
1474,towel radiator,1,13028,1996,,
1266,shower tray,1,7044,1981,,
513,filefolders,1,12075,1976,,
1157,rolled papers,1,11162,1975,,
469,electronic appliance,3,21533,1962,,
122,boiler,2,7761,1961,,
569,food container,10,16827,1960,,
171,cable pathway,3,21688,1957,,
193,carboard box,2,9931,1953,,
847,metal sheet,3,10998,1943,,
637,hand bag,5,14491,1923,,
1272,sign,4,16466,1914,,
789,laundry rack,1,13617,1913,,
1204,screen,1,20461,1909,,
200,cardbox,1,13399,1906,,
520,fireplace surround,1,9804,1904,,
127,boot,10,15865,1902,,
477,envelope,9,9939,1893,,
1355,stools,1,14442,1887,,
203,carton,4,11202,1886,,
1457,tool organizer,1,16789,1879,,
750,kitchen utensils,5,20858,1877,,
1550,wall hooks,14,15980,1877,,
970,paper roll,11,11444,1874,,
1570,water bottle,12,15328,1873,,
1229,shoe changing stool,1,10389,1871,,
35,balcony door,1,9596,1867,,
482,espresso machine,1,27564,1866,,
1580,water pipe,5,10012,1863,,
1487,trash cans,1,16415,1862,,
1137,recesssed shelf,1,12694,1856,,
422,drum set,1,11707,1853,,
1282,skiboard,1,12227,1853,,
1312,speaker stand,2,12085,1851,,
751,kitchen wall,1,7607,1846,,
1376,suit,1,10305,1835,,
1015,photo,13,10849,1834,,
609,globe,5,12669,1829,,
1315,spice rack,3,18511,1818,,
154,bulletin boards,1,10695,1814,,
361,delivery bag,1,11170,1812,,
1177,router,13,13678,1804,,
1162,rolling blind,1,6232,1787,,
442,easel,2,9023,1784,,
1242,shower cubicle,1,6364,1780,,
376,dish drainer,4,16473,1778,,
411,doorway,1,7747,1764,,
557,folded table,1,14484,1764,,
951,pants,3,12821,1764,,
296,computer,2,14113,1762,,
1372,stuffed animal,6,17529,1760,,
168,cable conduit,4,15442,1751,,
1024,picture frame,5,11797,1750,,
1231,shoe stool,1,8546,1749,,
1135,recessed shelve,1,10180,1746,,
1445,toilet paper holder,18,15036,1734,,
950,panelboard,1,4348,1727,,
1340,stapler,20,15669,1726,,
1280,skateboard,2,9999,1722,,
1649,workshop tool,2,10280,1715,,
1111,projector holder,4,9868,1706,,
525,flag,1,8749,1698,,
240,chemical canister,3,9594,1688,,
1588,web cam,2,8679,1686,,
683,hoodie,1,12687,1684,,
1470,towel heater,1,11124,1684,,
1475,towel warmer,1,10333,1673,,
1244,shower curtain rod,9,13417,1669,,
1248,shower faucet,4,10870,1668,,
1581,water pipes,1,13146,1659,,
1245,shower door,1,13031,1654,,
770,laboratory power supply,1,14716,1648,,
1454,tool,16,11562,1643,,
1526,ventilation,11,11399,1628,,
1296,soap bottle,19,13171,1623,,
62,bathrobe,1,12398,1616,,
1026,pictures board,2,10799,1612,,
191,cap,8,9986,1610,,
1645,woofer,1,10017,1609,,
1497,tshirt,2,12591,1601,,
1161,rolling bag,1,12061,1596,,
1226,shoe box,6,9524,1591,,
815,luggage bag,1,7827,1582,,
511,file storage,2,13328,1575,,
205,cat bed,1,11128,1555,,
1327,stack of paper,6,9716,1555,,
1385,surfing board,1,6961,1552,,
452,electric kettle,6,13183,1551,,
1170,rolling stand,1,8857,1546,,
328,cover,3,14346,1545,,
828,main switchboard,1,9176,1543,,
1104,pressure cooker,3,11213,1539,,
1347,stepladder,1,7824,1524,,
327,countertop,1,16852,1521,,
529,flip flops,5,15371,1521,,
1237,short table,1,6483,1521,,
1279,sit-up pillow,1,7370,1520,,
426,duffel bag,2,10769,1515,,
1262,shower seating,1,6164,1513,,
1566,washbasin,2,6479,1513,,
1417,teddy bear,3,15014,1491,,
1330,stair,1,10964,1479,,
1056,plate rack,1,16089,1475,,
920,ornament,4,12613,1467,,
714,jerrycan,3,9258,1463,,
516,filter jug,4,16069,1459,,
1397,t shirt,6,10290,1457,,
313,cooking pot,4,12490,1454,,
1059,platform trolley,1,8903,1442,,
117,blinds rod,2,9042,1440,,
638,hand shower,3,16189,1440,,
1097,power socket unit,2,7031,1439,,
1216,sheep doll,2,20024,1435,,
778,laptop bag,3,8559,1430,,
591,game console,3,12600,1421,,
134,bottles case,1,18143,1420,,
795,lid,7,11714,1413,,
428,dumbbell case,1,11792,1410,,
1155,rolled blanket,1,6788,1400,,
974,paper stapler,9,12154,1398,,
739,kitchen pot,5,12996,1388,,
234,charcoal bag,3,5786,1385,,
787,laundry hamper,1,7857,1380,,
1158,rolled poster,3,8898,1377,,
60,bath towel,1,7167,1376,,
18,apron,1,9210,1375,,
435,dustpan,7,10429,1375,,
1484,trash bag,3,8626,1371,,
394,document tray,1,9643,1354,,
182,camera,21,10644,1351,,
862,mirror cabinet,1,11057,1343,,
377,dish drying rack,2,11930,1342,,
599,gas tank,1,6119,1341,,
174,cable roller,1,10275,1332,,
204,case,5,7560,1332,,
1147,ring light,2,11269,1331,,
631,hair dryer,6,12478,1329,,
629,gym plate,4,6463,1325,,
642,hand towel,5,10297,1325,,
1275,sill,3,8817,1325,,
1271,sidetable,2,9280,1324,,
1532,vice,3,6703,1323,,
94,bench stool,1,13930,1316,,
102,billboard,1,5149,1305,,
1164,rolling cabinet,1,7089,1305,,
1263,shower sink,1,5901,1305,,
265,cloth piece,8,8844,1303,,
921,oscilloscope,2,9522,1302,,
301,condiments,1,14802,1299,,
822,magazine rack,1,6884,1297,,
1565,wash basin,1,6660,1292,,
170,cable panel,1,9103,1291,,
1016,photo frame,6,8853,1290,,
1507,tv receiver,4,10679,1287,,
1334,stand,1,7671,1286,,
856,milk jug,2,6269,1270,,
1632,wooden board,1,3342,1268,,
108,bladeless fan,1,7339,1267,,
1558,wall paper,1,3729,1255,,
1197,scale,2,6452,1251,,
1119,purse,5,8150,1245,,
470,electronic device,3,11091,1236,,
1307,sofa cushion,2,4270,1232,,
1316,sponge,28,9258,1225,,
381,dish washer,1,3243,1221,,
332,crate trolley,1,8428,1212,,
1460,tools,11,11864,1206,,
736,kitchen hood,1,6464,1205,,
790,laundry vent,1,3841,1191,,
839,medical stool,1,5918,1177,,
487,exhaustive fan,4,9435,1172,,
1072,portable ladder,1,8110,1171,,
241,chemical container,2,6327,1159,,
1447,toilet paper rolls,3,9798,1159,,
1128,rag,7,9689,1156,,
109,blender,3,10761,1146,,
1615,window pane,1,25286,1146,,
397,dog bowl,1,9193,1144,,
1235,shopping basket,1,10232,1139,,
1023,piano stool,1,7532,1134,,
447,electric box,2,3761,1129,,
1541,wall calendar,2,4403,1129,,
960,paper holder,4,7447,1126,,
239,chemical bottle,7,5845,1125,,
281,coat hangers,4,9055,1121,,
1190,sandals,6,8575,1118,,
576,foreman grill,1,7111,1117,,
622,guitar case,1,5445,1114,,
671,heater tube,8,4826,1113,,
1184,running shoes,5,8668,1103,,
1265,shower tap,3,10929,1093,,
263,cloth hanger,15,9765,1085,,
848,microphone,7,9736,1080,,
163,cabinet frame,1,5747,1079,,
360,decorative object,5,9789,1072,,
799,light fixture,4,8944,1069,,
942,paintings,1,6942,1067,,
222,ceiling lamp bar,1,8324,1053,,
986,paperbag,1,8633,1049,,
238,chemical barrel,1,7034,1043,,
1608,wicker basket,1,8439,1042,,
488,exit sign,3,10028,1041,,
135,bottles rack,1,9111,1037,,
1577,water jug,3,10545,1034,,
130,bottle carrier,1,10757,1030,,
769,laboratory pellet press,1,7967,1028,,
859,mini oven,1,9455,1025,,
1240,shower arm,4,9299,1023,,
984,paper tube,6,4193,1013,,
1380,suitcase stand,1,8032,1011,,
1401,table fan,2,8378,1011,,
1221,shelve,3,7346,1008,,
586,full-length mirror,1,6688,998,,
1629,wood piece,2,4092,998,,
185,can,14,7361,991,,
1377,suit bag,1,6012,987,,
1571,water bubbler,2,10478,983,,
346,cushions,1,6539,982,,
521,first aid kit,4,7937,981,,
740,kitchen robot,1,7459,980,,
1441,toilet flush button,8,4623,977,,
1030,pillow toy,1,6166,975,,
1065,plush doll,2,7452,970,,
1375,styrofoam box,1,7113,966,,
393,document organizer,1,9003,960,,
1011,pet carrier,1,5833,958,,
566,folding table,1,5841,953,,
612,gloves,6,8668,953,,
1036,pitcher,4,5771,953,,
176,cable spool,2,7385,949,,
429,dumbbells,2,8365,943,,
1156,rolled cable,1,5035,943,,
567,folding umbrella,9,8431,938,,
1150,robot vacuum cleaner,1,15520,938,,
1479,tower ventilator,1,7770,938,,
149,brush,6,9107,937,,
1044,planter,1,9909,931,,
52,baseball cap,4,6223,930,,
598,gas cylinder,1,3154,928,,
959,paper files,4,6208,927,,
1348,stereo,4,5982,925,,
24,baby stroller,1,6959,921,,
1079,posters,1,2533,919,,
904,notebooks,3,6926,912,,
1572,water bucket,2,4561,912,,
392,document holder,3,8052,906,,
1180,rucksack,1,6125,904,,
1246,shower door frame,1,5768,885,,
420,drone,2,6549,876,,
731,kitchen cloth,3,7447,871,,
641,hand soap dispenser,4,4813,870,,
996,pegboard,1,7302,867,,
13,alarm,8,4677,866,,
475,emergency light,4,7214,863,,
1273,sign board,3,3845,863,,
1314,spice jars,2,8265,862,,
1591,weight plate,5,7861,853,,
1159,rolled projection screen,1,4970,844,,
725,keyboards,1,15479,841,,
784,laptop table,1,7151,839,,
682,hole puncher,8,9608,838,,
866,mixer,1,8627,831,,
1022,piano chair,1,6252,826,,
955,paper bin,1,8943,823,,
1644,wooden stick,1,3448,820,,
15,anti splatter shield,1,3648,817,,
519,fireplace,1,7346,817,,
1154,rolled backdrop,5,4369,816,,
888,mousepad,5,5349,815,,
811,long pillow,3,3794,811,,
39,bananas,6,6337,810,,
292,column,1,3225,809,,
209,cd player,1,5786,808,,
481,eraser,16,5364,807,,
782,laptop sleeve,2,3115,800,,
634,hairdryer,4,10663,799,,
1209,seat cushion,1,3958,794,,
1043,plant pot mat,3,6403,792,,
1568,wastebin,1,5876,790,,
1628,wood panel,1,5296,786,,
370,detergent bottle,6,5541,784,,
1187,safe box,1,6317,784,,
1085,pouch,4,5515,783,,
113,blind rod,1,7158,782,,
882,mop basin,1,6362,781,,
1062,plug,26,6815,781,,
1129,railing,2,5916,777,,
1476,towels,3,4920,776,,
349,cutting boards,2,4932,774,,
1051,plastic drum,2,3778,772,,
1328,stack of tyres,3,5674,771,,
206,cat tree,1,4693,769,,
865,mirror light,3,4549,769,,
722,kettlebell,4,4775,766,,
236,chart,1,2833,764,,
431,dust pan,3,5691,761,,
1189,sandal,5,6037,757,,
523,first aid cabinet,1,2399,756,,
141,bracket,2,4923,751,,
1621,wire,2,5281,749,,
1203,scooter,1,5248,747,,
1122,racing wheel,1,5090,746,,
1620,wine rack,1,8093,742,,
91,belt,5,6136,741,,
1430,tissue dispenser stand,1,4642,736,,
1472,towel paper dispenser,1,3239,732,,
8,air heater,1,3452,731,,
1067,plushie,2,7842,730,,
756,knife set,3,7741,728,,
705,iron,5,5348,727,,
700,intercom,7,5389,725,,
730,kitchen ceiling,1,1972,725,,
935,package,6,3895,723,,
1294,sneakers,2,6280,720,,
1514,umbrella stand,2,4884,720,,
444,egg carton,3,5243,716,,
919,organizer,2,7930,716,,
1350,stick,3,4099,716,,
1214,shampoo bottle,12,4943,713,,
303,cone,2,4026,712,,
1028,pile of papers,1,4773,707,,
512,file tray,2,5489,706,,
1639,wooden plan,1,2088,700,,
312,cooking pan,3,5134,695,,
145,brief,2,3211,693,,
978,paper towel package,1,4933,693,,
611,glove dispenser,4,4366,688,,
391,dispenser bottle,5,5918,686,,
734,kitchen drawer,2,3046,684,,
1144,remote control,10,4469,682,,
1103,powerstrip,7,7056,681,,
476,emergency shower,1,4925,679,,
1198,scanner,2,4765,679,,
1471,towel holder,1,9342,679,,
1534,vr headset,2,4141,676,,
1586,watering pot,2,4356,676,,
1304,soda machine,1,5142,673,,
1070,pole stand,1,3122,671,,
980,paper towel rolls,1,4302,669,,
1175,roomba,2,5042,667,,
1168,rolling mat,1,2209,665,,
548,fluorescent lamp,1,5752,661,,
545,flower,3,7643,658,,
993,pc tower,1,6619,655,,
844,metal mount,1,3215,650,,
928,oven gloves,3,4693,650,,
1195,soap,13,5581,650,,
552,flush tank,1,1872,648,,
905,notepad,4,2626,645,,
1114,pull up bar,1,4256,645,,
808,loafers,3,4802,642,,
1587,water meter cover,1,3222,637,,
1053,plastic tray,2,4259,636,,
1589,webcam,20,5963,635,,
47,barbell,1,5014,634,,
1415,tea pot,5,4397,632,,
1547,wall hanger,7,5836,631,,
161,cabinet base panel,1,2509,630,,
779,laptop case,2,4285,629,,
977,paper towel holder,1,5262,628,,
1281,skeleton,1,6498,628,,
1302,socket extender,6,5930,621,,
490,extension chord reel,2,3267,620,,
1635,wooden crate,1,4952,619,,
619,guillotine paper cutter,1,2945,617,,
1390,sewing machine,1,3554,616,,
872,model car,1,5835,613,,
82,bed cover,1,3409,611,,
1356,storage,1,5070,605,,
578,freezer,1,1573,602,,
1021,piano book,1,2454,602,,
1609,wifi router,5,5472,602,,
933,overhead shower,1,5027,600,,
245,chrismas tree,1,4998,598,,
418,drill,3,4356,598,,
271,clothes drying stand,1,6518,597,,
430,dumbell,4,4453,591,,
159,cabel,1,5704,590,,
30,badminton racket,1,3137,589,,
314,cool box,1,3074,587,,
1425,thermostat,15,3548,584,,
352,dartboard,1,2830,583,,
1395,switchboard cover,1,1801,581,,
186,candle,10,4472,579,,
456,electric stove,1,7679,579,,
969,paper ram,3,2871,578,,
906,notes,2,1625,577,,
696,insulated can,2,4173,569,,
1113,prosthetic leg,1,2836,569,,
367,desk power strip,4,4180,568,,
1518,utensils,6,6661,568,,
261,closet rail,1,4122,562,,
1582,water pitcher,2,5177,562,,
1057,plate weights,2,7249,560,,
491,extension cord,4,4159,556,,
1448,toilet papers,3,3864,547,,
1414,tea box,1,3456,545,,
1429,tissue,5,3484,545,,
1193,sauce pan,2,5101,539,,
1077,postcards,1,3014,538,,
1463,toothbrush,16,4999,537,,
539,floor mats,1,2551,536,,
585,frying pan,2,3763,534,,
937,package of paper,4,2188,527,,
849,microphone stand,1,5813,526,,
1301,socket box,1,3204,523,,
792,leather mattress,1,2537,521,,
1048,plastic can,1,2557,521,,
597,garbage bin cover,1,2028,518,,
1066,plush toy,1,2958,517,,
450,electric guitar,1,2768,514,,
1593,weight scale,1,6408,513,,
583,fruit,7,3775,512,,
1412,tape dispenser,5,4566,507,,
943,pallet,1,2478,498,,
474,emergency kit,1,2752,497,,
68,bathroom mirror,1,3745,495,,
274,cloths,2,3429,495,,
404,door lamp,1,5300,493,,
1092,power extension,5,4593,492,,
448,electric circuit board,1,1841,488,,
930,oven panel,1,2978,488,,
466,electrical pipe,4,3395,483,,
1555,wall mounts,1,2397,483,,
1212,shade,1,2000,481,,
1019,photoframe,2,4496,479,,
510,file stack,1,4645,478,,
1037,pizza box,1,3365,477,,
1423,tennis racket,1,4371,477,,
1549,wall hook,9,4639,477,,
1139,recycle bag,1,3725,476,,
1136,recessed shower shelve,1,3701,474,,
1554,wall mounted telephone,2,2951,472,,
494,facsimile,1,3592,471,,
741,kitchen roll,3,2422,470,,
855,milk cartons,1,2785,470,,
1467,totebag,1,3902,470,,
534,floor cleaner,1,2462,468,,
121,body weight scale,2,2193,463,,
1373,stuffed animal door insulator,1,3288,463,,
1643,wooden shelves,1,2154,462,,
895,neck pillow,2,2195,458,,
56,basketball,2,2592,457,,
178,cable wheel,1,5150,456,,
407,door vent,1,5676,455,,
572,foot massager,1,3303,454,,
1116,pumper,1,6154,451,,
657,hanging light fixture,1,5124,448,,
704,interphone,3,3002,448,,
979,paper towel roll,2,2901,448,,
310,control unit,1,1976,443,,
560,folder oragnizer,1,3535,443,,
654,hanging frame,4,1494,442,,
973,paper stack,2,2421,441,,
401,door handle,10,4707,438,,
860,mini shelf,1,4943,437,,
96,beverage carton,8,2328,436,,
1627,wok pan,1,2902,436,,
87,bedside counter,1,1539,434,,
41,bar,1,3815,433,,
1083,pot lid,2,4275,433,,
1127,radio,2,2858,432,,
956,paper box,3,2267,430,,
1326,stabilizer,1,2692,430,,
664,headphone case,3,3367,427,,
556,folded cardboard box,1,3245,423,,
277,coaster,10,2060,421,,
1000,pen tray,3,3728,418,,
829,marker,26,4214,415,,
1256,shower mat,1,3517,414,,
1151,rod,1,3343,413,,
371,device,3,2343,410,,
454,electric pot,1,2565,409,,
868,mixer machine,1,3977,408,,
51,barstool,1,3035,407,,
143,bread toaster,1,3057,406,,
453,electric mixer,1,2890,406,,
1545,wall cord cover,1,3337,406,,
183,camera bag,1,2067,405,,
235,charger,6,3609,402,,
753,knife,17,3137,401,,
843,metal frame,1,4091,400,,
555,folded bag,1,2878,399,,
302,conduit pipe,2,2941,398,,
580,french press,3,3664,397,,
164,cabinet side panel,4,3200,395,,
321,cosmetic bag,4,2537,394,,
1387,surveillance camera,1,1942,394,,
66,bathroom holder,4,4542,391,,
574,footrest,1,1900,386,,
607,glasses case,8,2673,385,,
647,handbag,2,2719,385,,
315,cooling pad,1,2565,384,,
528,flip flop,2,3228,384,,
593,game controller,6,3807,383,,
939,packet of toilet paper,1,4182,383,,
169,cable duct,1,1302,379,,
1446,toilet paper roll,5,2892,377,,
880,monitor support,1,2890,376,,
517,fire alarm,4,1690,374,,
745,kitchen stove,1,3695,374,,
723,key hanger,1,3261,371,,
1498,tub,1,2676,371,,
897,network socket,16,2824,370,,
223,ceilng light,7,1658,369,,
246,christmas ornament,1,6169,369,,
1009,pepper mill,4,1977,365,,
1556,wall outlet,17,2677,365,,
798,light cover,1,1564,364,,
207,caution board,1,2132,360,,
672,heels,1,3050,360,,
936,package bag,1,2770,359,,
116,blinds rail,1,4033,354,,
187,candle holder,2,3039,353,,
457,electric toothbrush,8,3613,351,,
1008,pens,8,3995,348,,
1456,tool case,1,2832,348,,
1440,toilet flush,3,1718,347,,
1633,wooden brush,3,2206,346,,
645,hand washing soap,4,3369,345,,
690,hygiene product,5,2552,345,,
1583,water tap,4,3603,343,,
323,cosmetic pouch,1,2153,342,,
885,mount,1,1767,340,,
150,brushes,3,3240,337,,
755,knife holder,2,3152,337,,
436,dustpan and brush,1,2359,336,,
250,circular tray,1,1557,335,,
1228,shoe case,1,2421,334,,
19,ar tag,6,1272,328,,
532,flipflop,1,2554,327,,
1207,sculpture,4,2594,326,,
1140,recycle bin,1,2729,325,,
749,kitchen utensil,5,3975,323,,
892,multiplug,2,2000,323,,
76,beaker stand,1,2728,322,,
242,chessboard,1,3098,320,,
998,pen,33,3621,320,,
1465,toothpaste,10,2538,319,,
1508,tv remote,8,2772,319,,
543,floor wiper,1,3918,318,,
1622,wire hider,1,1447,316,,
1579,water meter,3,3576,315,,
821,magazine holder,1,1860,314,,
827,mailbox,1,1253,313,,
958,paper file,2,1757,313,,
1543,wall coat hanger,2,3193,313,,
1517,utensil holder,3,2462,308,,
368,detergent,2,2352,306,,
1186,safe,1,2700,305,,
938,packet,2,1707,304,,
438,dvd,2,2674,302,,
17,apples,1,1939,300,,
439,dvd player,1,3591,300,,
1503,tupperware,2,2540,300,,
459,electrical board,1,1150,299,,
1125,radiator pipe,4,1595,299,,
1054,plat,1,4950,295,,
359,decorative mirror,3,1916,291,,
1419,telephone stand,1,2170,291,,
1569,water boiler,1,2182,289,,
347,cutboard,1,1983,288,,
653,hanging deer skull,1,2398,288,,
507,file orginizer,1,1450,287,,
1192,satchel,1,2657,286,,
660,head model,1,1728,282,,
988,parcel,1,1505,280,,
380,dish soap bottle,3,2994,277,,
604,glass plate,1,3665,277,,
1002,pencil case,2,2565,276,,
256,cleaning mop,1,2913,274,,
867,mixer glass,1,3900,274,,
716,joystick,4,2705,271,,
1521,vacuum flask,2,1347,270,,
32,bag of oranges,1,2143,269,,
1004,pencil holder,3,3748,268,,
946,pamphlet,1,2369,267,,
1176,rope,1,2934,266,,
208,cd,2,1841,265,,
757,knife stand,1,3294,265,,
1003,pencil cup,2,2565,263,,
105,binding machine,1,2233,262,,
618,grill pan,1,1970,262,,
1411,tape,5,2168,262,,
166,cabinet top panel,1,1256,261,,
350,cuttiÌ‡ng board,1,1405,261,,
1188,salad spinner,1,2383,261,,
1575,water filter jug,1,1644,261,,
883,mop cloth,1,1802,259,,
1353,sticky notes,5,1508,259,,
1267,shower valve,2,2307,258,,
781,laptop cover,1,801,257,,
1183,running shoe,2,2465,257,,
1482,toy models,1,2308,256,,
14,alligator clips,5,3252,255,,
697,insulated coffee mug,1,2281,251,,
1005,pencil stand,1,1550,251,,
2,action figure,1,1921,250,,
365,desk light,1,2237,250,,
853,midi controller,1,1746,250,,
72,bathroom slippers,1,1483,247,,
471,elephant decoration piece,1,1639,247,,
1393,switchboard,2,2120,247,,
1143,remote,10,2718,245,,
20,arch folder,3,1025,244,,
1091,power cord,3,2485,244,,
687,hot bag,1,1207,242,,
1006,pencils cup,1,2311,242,,
754,knife block,1,2259,241,,
1426,thermos,1,1608,239,,
1101,power switch,9,1821,238,,
1464,toothbrush holder,5,2313,237,,
255,cleaning liquid,2,1428,236,,
1087,power board,2,1440,236,,
1115,pull-up bar,1,1789,236,,
1191,sandwich maker,1,1154,236,,
1343,statue,2,1985,235,,
146,brief case,1,864,234,,
12,airdyer,1,1681,231,,
101,bike helmet,1,1414,231,,
864,mirror lamp,2,1675,231,,
1424,tennis rackets,1,1906,231,,
940,paint jar,1,1799,230,,
251,citrus juicer,1,2022,228,,
1202,scissors,7,2535,227,,
655,hanging hook,1,1897,226,,
894,napkin,2,1861,226,,
786,laundry detergent,2,1718,224,,
389,disinfectant dispenser,3,1395,223,,
253,cleaning brush,3,1941,221,,
568,food,2,2211,221,,
948,pan set,1,1632,220,,
727,kitchen appliance,1,2314,218,,
884,mop pad,1,1518,218,,
379,dish soap,2,1493,217,,
1064,plunger,2,1570,217,,
965,paper package,2,753,215,,
1052,plastic mat,1,1937,215,,
180,calculator,6,1873,213,,
1533,voltage stabilizer,1,836,212,,
1602,whiteboard marker,17,1730,212,,
1544,wall coat rack,1,2395,211,,
854,milk carton,2,1191,210,,
322,cosmetic bottle,3,1829,209,,
1251,shower handle,1,3915,209,,
1431,tissue paper,3,1620,209,,
1238,shorts,1,1295,208,,
592,game console controller,3,1461,204,,
1145,remote controller,6,1580,204,,
1416,teapot,2,1705,203,,
412,drain,1,1719,202,,
718,juice box,1,915,202,,
1013,phone stand,3,1818,202,,
1196,soap container,1,1092,201,,
549,flush,3,1815,199,,
1179,rubber water bag,1,895,199,,
1250,shower gel,3,3310,199,,
478,envelopes,1,1302,197,,
1293,snack bag,1,1187,197,,
1584,watering bucket,1,1817,197,,
522,first aid box,1,950,196,,
38,banana,4,1611,195,,
962,paper notebook,1,730,195,,
635,hammer,3,1383,193,,
735,kitchen glove,1,2748,193,,
648,handle,3,1248,192,,
1010,personal hygiene product,3,1486,191,,
433,duster,4,1579,189,,
1149,robot vaccuum cleaner,1,1938,188,,
229,chain,1,2313,185,,
1297,soap dish,3,2262,182,,
228,cereal box,1,1236,179,,
408,door window,1,841,179,,
472,elephant toy,1,1837,179,,
582,frisbee,1,972,179,,
335,cream tube,5,1217,178,,
559,folder holder,1,945,177,,
703,internet socket,9,1393,177,,
874,moka pot,2,1203,174,,
1349,stereo box,1,1464,174,,
493,face mask,2,1476,173,,
155,bunny chocolate,3,1921,172,,
820,magazine collector,1,779,172,,
616,green vegetables,1,1729,171,,
1253,shower holder,1,1574,171,,
927,oven glove,1,1747,170,,
1247,shower drain,2,1774,170,,
1007,penholder,1,2612,169,,
1392,switch board,1,669,169,,
289,coffee pot,1,1066,168,,
830,marker eraser,3,867,168,,
1325,squeegee,3,1517,167,,
916,onions,1,1723,166,,
1321,spray,1,966,165,,
590,game cd box,4,1539,164,,
1399,table clock,1,1284,164,,
16,apple,4,1150,163,,
1318,spool,1,1170,163,,
1073,portable speaker,1,572,162,,
623,guitar pedal,1,1168,159,,
142,bread,1,1219,158,,
602,glass jar,5,1132,158,,
967,paper puncher,2,1410,158,,
388,dishwashing sponge,4,1212,157,,
1254,shower hose,1,1869,157,,
1383,surface cleaning liquid,1,1137,156,,
1563,wallet,3,1331,156,,
249,circuit box,1,844,155,,
1452,toiletry,1,1285,154,,
630,hair brush,2,1734,153,,
663,headphone bag,1,1010,153,,
966,paper packages,1,438,153,,
846,metal saw,1,1164,152,,
1086,power adapter,3,1588,151,,
1626,wlan router,1,1380,151,,
1042,plant pot coaster,2,1299,149,,
929,oven mitt,1,788,148,,
656,hanging light,1,959,147,,
738,kitchen object,1,1810,147,,
817,machine button,8,1128,147,,
1523,vanity light,1,1191,147,,
551,flush plate,1,605,146,,
278,coasters,1,1506,144,,
791,leaf fan,1,782,143,,
1117,punching machine,1,1085,143,,
1613,window handle,5,1100,143,,
803,light switches,2,1243,142,,
1619,wine bottle,1,1003,139,,
1422,tennis cap,1,803,138,,
243,chips can,1,709,136,,
570,food pot,1,967,134,,
646,hand washing soap dispenser,1,2622,134,,
1303,sockets,2,1185,134,,
1553,wall light,1,983,134,,
1596,wet wipes,1,1333,134,,
369,detergent bag,1,1192,133,,
608,glasses cover,2,827,133,,
651,hangbag,1,1011,133,,
132,bottle spray,1,1195,132,,
746,kitchen tap,1,1064,132,,
758,knob,5,946,132,,
500,figurine,1,1164,131,,
643,hand vacuum,1,921,131,,
1084,potted plant,1,1236,131,,
1594,weights,1,1003,131,,
831,marker storage,1,975,130,,
869,mixing bowl,1,674,130,,
1100,power supply,1,930,130,,
702,intercom screen,1,1207,129,,
288,coffee mug,1,950,128,,
419,drilling machine,1,814,128,,
455,electric socket,3,798,128,,
639,hand shower handle,1,1633,128,,
681,hole punch,1,1419,128,,
1274,silicon gun,1,906,128,,
1634,wooden chest,1,588,127,,
237,cheese,2,1000,126,,
711,jars,1,612,126,,
667,headphones case,1,1318,125,,
836,measuring spoon,2,896,124,,
878,monitor light,2,959,124,,
440,ear muffs,1,1340,121,,
898,night lamp,1,1040,119,,
1546,wall handle,1,753,119,,
701,intercom device,2,721,118,,
776,lanyard,1,1527,116,,
1182,rugby ball,1,588,116,,
1255,shower loofah,1,1375,116,,
175,cable socket,5,1146,115,,
254,cleaning cloth,1,538,115,,
382,dish washer soap,1,906,115,,
826,magnets,5,1182,115,,
1088,power brick,1,1157,115,,
285,coffee,1,766,114,,
875,monitor base,1,876,114,,
893,mushroom lamp,1,869,114,,
1493,trivet,1,913,114,,
1382,surface cleaner,1,1534,113,,
1453,toiletry bottle,1,846,113,,
961,paper note,4,593,112,,
1366,strainer,1,1248,112,,
291,colander,1,1084,111,,
729,kitchen brush,3,1163,111,,
890,multi socket,1,1031,111,,
1126,radiator pipes,2,446,111,,
1194,saucer,2,935,110,,
1201,scissor,3,1129,110,,
1333,stamp,1,1228,110,,
473,emergency button,4,711,109,,
1438,toilet brush holder,1,807,108,,
286,coffee jar,1,939,107,,
362,deodorant,2,861,107,,
1259,shower rod,1,1105,107,,
1595,wet tissue,1,698,107,,
1432,tissue paper roll,1,547,106,,
589,funnel,2,650,105,,
918,oragnizer,1,878,104,,
1449,toilet plunger,1,609,103,,
1502,tumbler,1,638,103,,
403,door knob,4,1063,102,,
276,coarser,1,352,101,,
1080,postit note,3,404,100,,
1118,punching tool,1,1068,100,,
95,beverage can,2,423,99,,
374,dish,1,979,99,,
1341,star,1,764,99,,
526,flask,1,1065,98,,
691,in-table power socket,3,726,97,,
780,laptop charger,1,657,97,,
1551,wall intercom,2,654,97,,
544,flour bag,1,1044,96,,
118,blowtorch,1,622,94,,
252,cleaner,1,848,92,,
1409,takeout box,1,568,92,,
640,hand soap,1,673,91,,
658,hard drive,1,1025,91,,
1367,straws,1,743,91,,
877,monitor holder,1,1217,90,,
1310,soldering iron,1,1155,90,,
309,control switch,2,619,89,,
413,drainage,1,1197,89,,
139,box lid,1,310,87,,
1060,playstation controller,1,860,87,,
1215,shaving foam,1,688,87,,
624,guitar stand,1,631,86,,
1439,toilet cleaner,1,728,86,,
275,co detector,1,471,84,,
329,covered power socket,2,586,84,,
1323,spray can,1,512,84,,
1461,tooth brush,2,684,83,,
1014,phone tripod,1,1119,82,,
119,bluetooth speaker,1,546,81,,
971,paper rolls,1,516,81,,
1222,shelves,1,437,81,,
383,dish washing liquid,1,762,80,,
1102,powerbank,1,1140,80,,
417,dried plant,1,694,79,,
1213,shampoo,2,428,79,,
1352,sticky note,3,486,79,,
1451,toilet seat brush,1,704,79,,
387,dishwashing soap,1,637,78,,
775,lan port,4,874,78,,
1206,scrubber,1,751,77,,
1433,tissues,2,431,77,,
318,cord,1,700,76,,
23,ashtray,2,685,75,,
649,handle bar,1,542,74,,
1313,speakers,1,346,74,,
398,dongle,1,655,72,,
807,liquid soap,1,769,72,,
870,mobile phone,1,412,72,,
156,bunny decoration,1,670,71,,
945,palm rest,1,514,70,,
1368,stream deck,1,448,68,,
115,blinds chain,1,862,66,,
386,dishwashing liquid,1,580,66,,
636,hammer holder,1,416,65,,
644,hand washing liquid,1,585,65,,
1269,shower wiper,1,536,65,,
425,duct tape,1,316,63,,
1522,valve,2,582,63,,
610,glove,1,414,62,,
1342,stationery,1,432,62,,
219,ceiling speaker,1,382,61,,
680,holder,1,291,61,,
1095,power plug,1,342,60,,
1560,wall speaker,1,431,60,,
194,card,1,405,59,,
468,electrical tape,1,410,59,,
1082,pot cover,1,581,59,,
1132,razor,2,517,59,,
49,barcode scanner,1,681,58,,
812,lotion,1,513,58,,
445,eggs,1,580,57,,
615,grab rail,1,373,57,,
633,hairbrush,1,422,57,,
806,lint roller,1,323,56,,
1076,post-it,2,269,56,,
1396,switches,1,282,56,,
434,dusting cloth,1,920,55,,
613,glue bottle,1,397,55,,
650,handwash,1,706,54,,
896,network outlet,2,287,54,,
195,card reader,2,445,53,,
198,cardboard boxes,1,531,53,,
737,kitchen light,2,373,53,,
963,paper notes,1,242,52,,
992,pc charger,1,167,52,,
1107,product dispenser bottle,1,463,52,,
632,hair dryer holder,1,440,51,,
1205,screwdriver,3,504,51,,
1264,shower squeegee,1,461,51,,
719,juice tetrapack,1,384,50,,
1061,pliers,2,549,49,,
1381,sunblock,1,449,49,,
1605,whiteboard pens,2,438,47,,
584,fruits,1,513,46,,
684,hook,4,384,46,,
665,headphone holder,1,367,45,,
797,light bulb,1,381,45,,
1592,weight plates,1,311,45,,
772,ladle,1,218,44,,
43,bar soap,1,353,43,,
157,button,2,269,43,,
375,dish brush,1,455,43,,
1481,toy car,3,621,43,,
902,note,1,259,42,,
1074,post it,1,231,42,,
1317,sponge cloth,1,407,42,,
1631,wood stick,1,265,42,,
804,light switchs,1,297,41,,
985,paper weight,1,423,41,,
1108,product tube,1,367,41,,
225,cell phone,1,419,40,,
1290,smartphone,1,243,40,,
293,comb,1,361,39,,
720,jump rope,1,357,39,,
774,lan,3,359,39,,
1624,wireless charger,1,244,38,,
406,door stopper,1,219,37,,
248,cigarette packet,1,229,36,,
1001,pencil,5,524,36,,
1299,soap holder,1,340,36,,
467,electrical plug,6,352,35,,
1442,toilet holder,1,294,35,,
832,mask,1,256,34,,
1068,pocket calculator,1,276,34,,
158,cabbage,1,162,32,,
1319,spoon,1,202,32,,
409,doorknob,1,149,31,,
498,fan switch,1,210,31,,
1178,rubber duck,1,285,31,,
27,backdrop hook,2,225,30,,
1405,table tennis racket,1,282,30,,
926,oven controls,1,289,29,,
1134,receipt,1,215,28,,
1295,soap bar,1,325,27,,
1413,tape roll,1,461,27,,
1462,tooth paste,1,239,27,,
458,electrical adapter,1,114,26,,
1106,probe,1,212,26,,
679,highlighter,3,383,25,,
320,correction fluid,1,129,23,,
390,dispenser,1,190,23,,
1038,piÌ‡cture,3,358,21,,
402,door hinge,2,226,20,,
1603,whiteboard marker holder,1,153,20,,
136,botttle,1,129,19,,
358,decoration pieces,1,120,19,,
1093,power outlet,1,181,19,,
1469,towel hanger,1,285,19,,
1600,whiteboard duster,1,73,18,,
825,magnet,2,119,17,,
1351,sticker,1,107,16,,
901,nose spray,1,137,15,,
553,flushes,1,132,14,,
1530,vertical blind control,1,117,14,,
1133,razor blade,1,120,11,,
1075,post it note,1,105,10,,
1625,wireless headphones,1,76,10,,
165,cabinet top,1,46,9,,
334,cream bottle,2,115,9,,
353,datashow socket,1,106,9,,
441,earbuds,1,82,8,,
162,cabinet door,1,34,3,,
231,chair cushion,1,34,2,,
324,cosmetic tube,1,0,0,,
